Plant,Population,Latitude,Longitude,B001,B002,B003,B004,B005,B006,B007,B008,B009,B010,B011,B012,B013,B014,B015,B016,B017,B018,B019,B020,B021,B022,B023,B024,B025,B026,B027,B028,B029,B030,B031,B032,B033,B034,B035,B036,B037,B038,B039,B040,B041,B042,B043,B044,B045,B046,B047,B048,B049,B050,B051,B052,B053,B054,B055,B056,B057,B058,B059,B060
Oaxaca_north_01,Oaxaca_north,17.6201,-96.7166,0,1,0,1,0,1,0,0,1,0,1,0,0,0,1,1,0,1,0,0,1,1,0,0,1,0,1,0,0,0,0,1,1,0,1,0,1,0,0,1,0,0,0,0,1,0,1,1,1,0,1,1,1,1,0,1,1,1,0,0
Oaxaca_north_02,Oaxaca_north,17.5974,-96.7154,1,0,1,1,0,1,1,0,0,1,1,0,0,0,0,1,0,1,0,0,1,1,0,1,1,0,1,0,1,0,1,1,1,0,0,1,1,0,0,0,1,0,1,0,1,1,1,1,1,1,1,1,0,0,1,0,1,0,0,0
Oaxaca_north_03,Oaxaca_north,17.6155,-96.7328,1,1,1,1,0,1,0,0,1,0,1,0,0,0,0,1,0,1,0,0,0,1,0,1,0,0,0,0,0,0,1,0,1,0,1,1,0,1,1,1,1,1,0,0,1,1,1,0,1,0,1,1,1,0,1,0,0,0,0,0
Oaxaca_north_04,Oaxaca_north,17.6296,-96.7285,1,0,1,1,0,1,1,1,1,1,1,0,1,0,1,1,0,1,0,1,0,1,1,1,0,1,1,0,1,1,1,1,0,0,1,0,0,0,0,1,0,1,0,0,1,1,1,0,0,1,1,1,1,0,0,0,0,1,0,0
Oaxaca_north_05,Oaxaca_north,17.6187,-96.6962,1,0,1,1,0,1,1,0,1,0,1,0,0,1,0,1,0,1,0,0,1,1,0,1,0,0,0,0,0,1,0,0,1,0,1,0,1,0,0,1,1,0,1,0,1,0,1,0,1,1,1,0,1,1,1,1,1,1,0,0
Oaxaca_north_06,Oaxaca_north,17.6222,-96.7134,1,0,0,1,0,1,0,1,1,1,0,1,1,0,0,1,0,1,0,1,1,1,1,1,0,0,1,0,0,0,0,0,1,0,1,1,1,0,1,1,1,1,0,0,1,1,0,0,1,0,1,1,1,0,1,1,1,0,0,0
Oaxaca_north_07,Oaxaca_north,17.6095,-96.7198,1,1,1,1,0,0,0,0,1,1,0,0,0,0,0,1,0,0,0,1,0,1,1,1,0,0,1,0,0,0,1,0,1,0,1,0,1,1,0,1,0,1,1,0,1,0,0,0,0,1,1,0,0,1,1,0,1,0,0,0
Oaxaca_north_08,Oaxaca_north,17.6459,-96.7478,1,0,1,1,0,1,1,1,1,0,0,1,0,0,0,1,0,1,0,1,0,0,0,1,1,0,1,0,1,0,1,1,1,0,1,1,1,0,1,1,0,1,0,0,1,0,0,1,1,0,1,1,0,1,1,0,1,0,0,0
Oaxaca_north_09,Oaxaca_north,17.6369,-96.7099,1,0,0,1,0,0,1,1,0,1,0,0,0,0,0,1,1,1,0,1,0,0,0,1,1,0,0,0,0,1,0,0,1,0,1,1,1,1,1,0,0,0,0,0,1,0,0,0,1,0,1,0,1,0,0,0,1,1,0,0
Oaxaca_north_10,Oaxaca_north,17.6455,-96.7495,1,0,0,1,1,0,1,1,1,0,0,0,1,0,0,1,0,1,0,0,0,1,1,1,1,0,0,0,0,1,1,1,1,0,1,0,1,0,1,0,0,1,1,0,1,0,0,0,1,0,1,0,1,1,0,0,1,0,0,0
Oaxaca_north_11,Oaxaca_north,17.5948,-96.7321,1,0,0,1,0,1,0,0,0,0,1,1,1,1,1,1,1,1,0,0,0,1,1,1,1,0,0,0,1,1,0,1,1,1,1,0,0,0,0,0,0,0,1,0,1,0,1,1,1,1,1,1,1,1,0,0,0,1,0,0
Oaxaca_north_12,Oaxaca_north,17.6479,-96.6874,0,0,1,0,1,0,0,0,1,1,1,1,0,0,0,1,0,1,0,0,0,1,1,1,0,0,0,0,0,0,1,1,1,0,1,0,0,1,1,0,0,1,1,0,1,0,0,0,1,0,1,0,1,1,1,0,1,0,0,0
Oaxaca_north_13,Oaxaca_north,17.6154,-96.7306,1,0,1,0,0,1,1,1,1,0,1,1,1,1,0,0,0,1,0,0,0,1,1,1,1,0,1,0,1,0,1,1,1,0,0,0,0,1,0,0,0,0,1,0,1,1,1,0,1,1,1,1,1,1,1,0,1,1,0,0
Oaxaca_north_14,Oaxaca_north,17.6392,-96.6594,1,0,1,1,0,0,0,1,1,1,1,1,0,0,0,0,0,1,1,1,1,1,0,1,1,0,1,0,1,1,1,0,1,0,1,1,1,0,0,1,1,1,0,0,1,0,1,1,1,0,0,1,0,1,1,0,1,0,0,0
Oaxaca_north_15,Oaxaca_north,17.6252,-96.7086,1,0,0,0,1,0,0,0,1,1,1,1,0,0,0,1,1,1,0,0,1,1,1,1,0,0,1,0,0,0,0,1,1,0,1,1,0,1,0,0,1,1,0,0,1,0,0,1,1,0,1,0,1,1,1,1,0,1,0,0
Oaxaca_north_16,Oaxaca_north,17.5900,-96.7193,1,0,0,0,1,0,0,0,1,0,0,1,0,0,0,1,0,1,0,1,0,1,1,1,1,0,0,0,1,0,1,1,1,0,1,1,0,0,0,1,1,1,1,0,1,0,0,1,1,1,1,0,1,1,0,0,0,1,0,0
Oaxaca_north_17,Oaxaca_north,17.6136,-96.7096,1,0,1,1,0,0,0,1,1,1,0,0,1,0,1,1,0,1,0,0,1,1,0,1,1,0,0,0,0,0,0,1,1,0,1,0,1,1,0,1,0,1,0,0,1,0,0,1,1,1,1,0,1,1,1,1,1,0,0,0
Oaxaca_north_18,Oaxaca_north,17.6305,-96.7002,0,0,1,0,0,1,1,0,1,0,0,1,1,1,0,1,0,1,0,1,1,1,0,1,0,0,1,0,0,0,0,0,1,0,1,1,1,0,0,0,0,1,1,0,1,0,1,0,1,0,1,1,0,0,1,1,1,1,0,0
Oaxaca_north_19,Oaxaca_north,17.6184,-96.6942,1,0,0,0,0,1,1,1,1,0,1,0,1,0,0,1,0,1,0,0,1,1,0,1,1,0,0,0,0,1,1,1,1,0,0,0,0,0,0,1,1,1,0,0,1,0,1,0,0,0,1,1,1,0,0,0,1,0,0,0
Oaxaca_north_20,Oaxaca_north,17.6035,-96.7366,1,0,0,0,0,1,1,0,1,0,1,0,0,0,0,1,0,0,0,0,1,1,0,1,0,1,0,0,0,0,1,1,1,0,1,0,0,1,1,0,1,0,1,0,0,0,1,0,1,1,1,1,1,1,1,0,1,0,0,0
Oaxaca_south_01,Oaxaca_south,16.3893,-96.0345,1,1,1,0,0,1,0,1,1,1,0,1,0,0,0,1,0,1,0,1,0,1,0,1,0,0,1,0,1,1,0,1,1,0,1,1,1,0,1,0,1,0,1,0,1,0,0,1,1,1,1,1,1,1,0,0,0,0,0,0
Oaxaca_south_02,Oaxaca_south,16.4286,-96.0556,1,1,1,0,0,1,1,1,1,0,1,1,0,0,1,1,0,1,1,0,0,1,0,0,0,0,1,0,0,0,1,0,1,0,1,1,0,0,1,0,0,0,1,0,0,0,0,1,1,0,1,1,1,0,1,0,0,1,0,0
Oaxaca_south_03,Oaxaca_south,16.4083,-96.0733,1,1,1,0,0,1,0,1,0,1,1,1,0,0,1,1,1,1,0,1,0,0,0,1,1,0,1,0,0,1,1,1,1,0,0,0,0,0,1,0,0,1,1,0,1,0,0,1,1,0,1,0,0,1,0,0,1,1,0,0
Oaxaca_south_04,Oaxaca_south,16.3934,-96.0861,1,1,1,0,0,0,0,1,1,1,1,1,0,0,0,1,1,1,0,1,1,1,0,1,1,0,1,0,1,1,0,1,1,0,1,1,1,0,1,0,1,0,1,0,1,0,1,1,1,0,1,1,1,1,1,0,0,1,0,0
Oaxaca_south_05,Oaxaca_south,16.4311,-96.0153,1,1,1,0,1,1,1,1,1,1,1,1,0,0,0,1,0,0,0,1,0,1,0,0,0,0,1,0,0,1,0,1,1,0,1,1,0,1,1,0,1,1,1,0,1,0,0,1,1,0,1,1,1,1,0,0,0,1,0,0
Oaxaca_south_06,Oaxaca_south,16.4269,-96.0404,1,0,0,0,0,1,0,1,1,0,0,0,0,0,0,1,0,1,0,0,0,1,0,0,0,0,1,1,0,1,1,1,0,0,1,1,0,0,0,0,0,0,1,0,0,0,0,1,1,0,1,1,1,1,1,0,0,0,0,0
Oaxaca_south_07,Oaxaca_south,16.3996,-96.0621,1,0,1,0,0,1,1,1,1,0,0,0,0,0,0,1,1,1,1,0,0,1,0,1,0,0,1,0,0,0,0,1,1,0,1,1,1,0,0,0,0,1,1,0,1,0,1,1,1,1,1,1,1,1,1,0,1,1,1,0
Oaxaca_south_08,Oaxaca_south,16.3960,-96.0566,1,0,1,1,0,1,1,0,1,0,1,1,0,1,1,1,1,1,0,0,0,0,0,1,1,0,0,0,0,0,1,1,1,0,1,1,1,0,1,0,0,1,1,0,0,0,0,1,1,1,1,1,0,1,0,0,0,0,0,0
Oaxaca_south_09,Oaxaca_south,16.3915,-96.0354,1,1,1,0,0,1,1,0,1,1,0,0,0,0,0,1,1,0,0,0,0,1,0,1,1,0,1,0,1,1,1,1,1,0,1,0,0,0,1,0,1,1,1,0,1,0,1,1,1,0,1,1,0,0,0,0,0,1,0,0
Oaxaca_south_10,Oaxaca_south,16.4323,-96.0462,1,0,1,0,0,1,0,1,1,0,0,1,0,1,0,1,0,1,0,1,0,1,0,0,1,0,1,0,1,0,0,1,1,0,1,1,0,0,1,0,0,0,1,0,1,0,1,1,1,0,1,1,0,0,1,0,0,1,0,0
Oaxaca_south_11,Oaxaca_south,16.4343,-96.0730,1,1,1,0,0,1,0,1,1,1,0,1,0,0,1,1,1,1,1,0,0,0,0,1,0,0,0,1,1,0,0,1,1,0,1,1,0,1,1,0,0,0,1,1,0,0,0,1,1,1,1,1,0,0,0,0,0,0,0,0
Oaxaca_south_12,Oaxaca_south,16.4218,-96.0488,0,0,1,0,0,1,0,0,1,1,1,0,1,0,1,1,0,1,0,0,0,1,0,1,1,0,1,0,1,0,1,0,1,0,1,1,1,1,0,0,0,0,1,1,0,0,1,1,1,0,1,1,0,1,0,0,0,0,0,1
Oaxaca_south_13,Oaxaca_south,16.4106,-96.0581,0,0,1,0,0,1,0,1,1,1,1,0,0,0,0,1,1,1,0,1,1,1,0,1,1,0,1,0,0,1,1,1,1,0,1,1,1,0,1,0,0,1,1,0,1,1,1,1,1,0,1,1,1,1,0,0,1,0,1,0
Oaxaca_south_14,Oaxaca_south,16.3979,-96.0495,1,0,1,0,0,0,0,1,1,1,0,1,0,0,0,1,1,1,1,0,0,0,0,1,1,0,1,0,0,1,1,1,1,0,1,1,0,0,0,0,1,1,1,1,0,0,0,1,1,0,1,1,1,0,0,0,1,0,0,0
Oaxaca_south_15,Oaxaca_south,16.4019,-96.0294,1,0,1,0,0,1,0,0,1,0,0,1,0,0,0,0,0,1,0,0,1,0,0,1,1,0,1,0,0,1,1,1,1,0,1,1,1,0,0,0,0,1,0,0,1,0,1,1,1,0,1,1,1,1,0,0,0,1,0,0
Oaxaca_south_16,Oaxaca_south,16.4211,-96.0408,0,0,1,0,0,1,1,1,1,1,0,0,0,0,1,1,1,1,0,0,0,1,0,1,0,0,1,0,1,1,1,1,1,1,1,1,1,0,0,0,0,0,1,0,0,0,0,1,1,0,1,1,1,0,0,0,0,0,0,0
Oaxaca_south_17,Oaxaca_south,16.4088,-96.0252,1,0,1,0,0,1,0,1,1,0,1,0,0,0,1,1,0,1,1,1,0,1,0,1,1,0,1,0,0,1,0,1,1,0,1,1,1,0,1,0,0,0,1,0,1,0,1,1,1,0,1,1,0,0,1,1,0,0,0,0
Oaxaca_south_18,Oaxaca_south,16.4326,-96.0656,1,0,1,0,0,1,0,1,0,0,0,1,1,0,0,1,1,1,0,0,1,1,0,1,1,0,1,0,1,1,0,1,1,0,0,0,1,0,1,0,1,0,1,0,1,0,1,1,1,1,1,1,0,1,1,0,0,0,1,0
Oaxaca_south_19,Oaxaca_south,16.4129,-96.0616,1,0,1,0,0,1,0,1,0,0,0,0,0,0,1,1,1,1,0,0,0,0,0,1,1,0,1,0,1,1,1,1,1,0,1,1,1,0,1,0,1,0,1,0,0,0,0,1,1,0,1,0,1,0,1,0,0,1,1,0
Oaxaca_south_20,Oaxaca_south,16.4014,-96.0721,1,0,1,0,0,1,1,0,1,1,1,0,0,0,0,1,0,1,0,1,0,1,0,1,1,0,1,0,0,1,1,0,1,0,1,1,0,0,0,0,0,1,1,0,0,0,1,1,1,1,0,0,1,0,0,0,1,1,0,0
Puebla_01,Puebla,18.8112,-97.3931,0,0,1,0,0,1,1,0,1,1,1,1,0,0,1,1,1,1,0,0,1,0,0,1,1,0,1,1,0,0,1,1,0,0,1,1,1,1,1,0,1,1,1,0,1,0,1,1,1,0,1,1,0,1,0,1,0,1,1,0
Puebla_02,Puebla,18.8312,-97.3830,1,0,1,0,0,1,1,0,1,0,0,1,0,0,0,1,0,1,0,0,1,0,0,1,0,1,1,0,0,0,0,0,0,1,1,1,1,0,1,0,1,0,1,0,0,0,0,1,0,0,0,1,1,1,0,0,0,1,1,1
Puebla_03,Puebla,18.8205,-97.3745,0,0,1,0,0,0,1,0,0,0,1,0,0,0,0,1,0,1,0,0,1,1,0,1,0,0,1,0,0,0,0,0,0,0,0,0,0,0,0,0,1,1,1,0,0,0,0,1,1,1,1,1,0,1,1,0,0,1,1,1
Puebla_04,Puebla,18.8303,-97.3788,1,0,1,0,0,0,0,0,0,1,0,1,0,0,0,1,0,1,0,0,1,0,0,1,1,1,1,0,0,1,0,0,1,1,1,1,1,0,1,0,1,0,0,0,0,0,1,1,1,0,1,1,1,1,1,0,0,1,0,0
Puebla_05,Puebla,18.8621,-97.3902,0,0,1,0,0,0,0,0,0,1,0,0,0,0,1,1,1,0,0,0,0,0,1,1,0,0,1,0,1,0,1,0,0,0,1,1,1,0,1,0,0,0,1,1,0,1,1,1,1,0,1,1,1,0,1,0,0,1,1,0
Puebla_06,Puebla,18.8429,-97.4226,0,0,1,0,0,1,1,0,1,1,1,1,0,0,0,1,0,1,1,0,0,0,0,0,1,1,0,0,0,1,1,0,1,0,1,1,0,0,1,0,1,0,0,0,1,0,1,1,1,0,1,1,1,1,1,0,1,0,1,1
Puebla_07,Puebla,18.8346,-97.4137,0,0,1,0,0,1,1,0,0,0,0,1,0,0,0,0,1,0,0,0,0,1,1,1,0,0,1,0,0,0,1,0,1,0,1,1,1,0,0,0,0,0,0,0,1,0,0,1,1,0,0,1,1,1,0,0,0,0,1,0
Puebla_08,Puebla,18.8390,-97.3837,0,0,1,0,0,1,1,0,1,0,0,1,0,0,0,0,0,1,0,0,1,1,0,1,1,1,0,0,0,0,1,1,1,1,0,1,0,0,0,1,1,0,1,0,1,0,1,1,1,0,1,0,1,1,0,0,0,1,1,0
Puebla_09,Puebla,18.8592,-97.3746,1,0,1,0,0,1,0,0,1,1,1,0,0,0,1,1,1,1,0,0,1,1,0,1,1,0,1,0,0,0,1,0,0,1,1,1,1,0,1,0,1,0,0,1,1,0,0,0,1,0,1,1,0,0,0,0,0,1,0,0
Puebla_10,Puebla,18.8306,-97.3888,1,0,1,0,0,1,1,0,0,1,0,1,1,0,1,1,1,1,0,0,1,0,1,1,1,1,1,1,1,0,0,0,1,1,0,1,1,0,0,0,1,0,1,0,1,0,1,1,1,0,1,1,1,1,0,0,0,0,1,0
Puebla_11,Puebla,18.8575,-97.3937,1,0,1,0,1,1,1,0,0,1,0,1,1,0,1,1,0,1,0,0,1,1,0,1,1,1,1,0,1,1,0,1,1,0,0,1,1,0,1,0,1,0,0,1,1,0,0,1,1,1,1,1,1,1,1,0,0,1,1,1
Puebla_12,Puebla,18.8403,-97.3701,1,0,1,0,0,0,1,0,1,0,0,0,0,0,0,1,1,1,0,0,1,1,0,1,0,0,0,0,0,0,1,0,1,1,0,1,1,0,0,0,0,0,0,1,1,0,1,1,0,0,1,1,1,1,0,0,0,1,1,1
Puebla_13,Puebla,18.8297,-97.3961,1,0,1,0,0,0,1,0,1,0,1,0,1,1,0,0,0,1,0,0,0,1,1,1,1,1,1,0,0,1,1,0,0,1,1,1,1,1,0,0,1,0,1,0,1,0,1,1,0,0,1,1,1,0,1,0,0,1,1,0
Puebla_14,Puebla,18.8343,-97.3844,1,0,1,0,0,0,1,0,1,1,1,0,0,0,0,1,1,1,0,0,0,1,0,1,0,1,0,0,0,0,1,0,1,0,0,1,1,0,1,0,0,0,1,1,0,0,1,1,1,0,1,1,1,0,0,0,0,0,0,0
Puebla_15,Puebla,18.8249,-97.4074,1,0,1,0,0,0,0,1,0,0,1,1,0,0,1,1,0,1,0,0,0,1,0,1,1,1,1,0,1,0,1,1,0,0,0,1,1,0,1,0,0,0,1,0,1,1,0,1,1,1,0,1,1,0,0,0,0,0,0,0
Puebla_16,Puebla,18.8544,-97.3681,0,0,1,0,0,0,1,0,0,1,1,1,0,0,0,0,0,1,0,0,1,0,1,1,1,1,1,0,0,1,1,0,1,0,0,0,1,0,1,0,1,1,1,1,1,0,1,1,1,1,1,1,1,1,1,0,1,1,1,0
Puebla_17,Puebla,18.8380,-97.4084,1,0,1,1,0,0,1,0,0,1,1,1,1,0,0,1,0,1,0,0,0,1,0,1,0,0,0,1,0,0,0,0,0,0,1,1,1,0,1,0,1,0,1,0,1,0,1,1,0,0,0,1,1,0,0,0,0,1,1,0
Puebla_18,Puebla,18.8267,-97.3876,1,0,0,1,0,0,1,0,0,1,1,0,0,0,1,1,0,1,0,0,1,1,0,1,0,1,0,1,1,1,1,1,0,0,1,1,1,0,1,0,0,0,1,0,1,1,1,1,1,0,1,1,1,1,0,0,1,1,1,0
Puebla_19,Puebla,18.8608,-97.4038,1,0,1,0,0,1,1,0,0,1,0,1,1,0,1,1,1,1,0,0,1,0,0,1,1,1,0,1,1,0,0,0,1,1,0,1,1,0,0,0,1,0,1,0,1,1,0,1,1,0,1,1,0,1,0,0,0,1,1,0
Puebla_20,Puebla,18.8408,-97.4037,0,0,1,0,0,1,0,0,1,1,0,1,0,0,0,1,1,1,0,0,1,1,0,1,1,1,1,0,0,1,1,1,1,0,1,1,1,0,0,1,1,0,1,0,0,1,1,1,1,0,1,0,1,1,1,1,0,1,1,0
Guerrero_01,Guerrero,17.5506,-99.4902,0,0,1,0,0,0,0,0,0,1,1,1,1,0,0,1,1,1,1,0,0,0,0,1,1,1,1,1,0,1,1,1,1,0,0,1,1,0,0,0,1,0,0,0,0,0,1,0,0,1,0,0,0,1,0,0,1,0,0,0
Guerrero_02,Guerrero,17.5472,-99.4957,1,0,1,1,0,0,1,0,1,0,1,0,1,0,0,1,1,1,0,0,1,1,0,1,1,1,1,0,1,0,1,0,0,0,1,1,1,0,1,0,0,1,1,0,1,0,0,1,1,1,1,1,1,1,1,0,1,0,1,1
Guerrero_03,Guerrero,17.5544,-99.5417,1,0,1,1,0,1,0,1,1,1,1,0,0,0,0,0,1,1,0,0,0,1,0,1,0,0,1,0,1,1,1,1,1,0,0,1,1,1,0,0,0,1,1,0,1,1,0,0,1,1,0,1,1,1,1,0,0,1,1,0
Guerrero_04,Guerrero,17.5223,-99.5042,1,0,1,0,0,1,0,1,1,1,0,0,1,0,1,1,1,1,1,0,1,1,1,0,1,1,0,1,1,0,1,1,1,1,1,1,0,0,0,1,0,1,1,0,1,0,1,0,0,1,1,1,1,0,1,0,0,0,0,0
Guerrero_05,Guerrero,17.5508,-99.4899,1,0,1,0,0,1,0,0,1,1,1,0,1,0,1,0,1,1,0,0,0,1,0,1,1,1,0,0,0,0,1,0,1,0,1,1,1,1,0,0,0,0,0,0,0,0,1,1,0,0,0,1,1,1,1,0,0,1,0,0
Guerrero_06,Guerrero,17.5028,-99.4852,1,0,1,1,0,0,1,0,1,0,1,1,1,0,0,0,1,0,0,0,0,1,0,1,1,0,1,1,0,0,1,1,1,0,0,1,0,1,0,1,1,0,0,0,0,0,1,0,1,0,1,1,1,1,0,1,0,0,0,0
Guerrero_07,Guerrero,17.5520,-99.4965,1,0,0,0,0,1,0,0,0,1,1,0,1,0,0,1,1,1,0,0,1,1,0,0,1,1,0,0,0,1,1,0,0,0,1,1,0,1,1,1,1,0,0,0,1,0,1,0,1,1,1,1,1,1,0,0,0,1,0,1
Guerrero_08,Guerrero,17.5445,-99.5098,1,0,1,0,0,1,0,0,1,0,0,0,1,0,0,1,0,1,0,1,1,0,1,1,1,1,1,1,0,1,1,0,0,0,1,1,0,0,0,0,0,0,1,1,0,0,1,1,0,0,1,1,1,0,1,0,0,0,1,0
Guerrero_09,Guerrero,17.5479,-99.5188,1,0,1,0,1,1,0,0,1,0,1,0,0,1,0,0,0,1,1,0,0,1,0,0,1,1,1,0,1,0,1,1,1,0,1,1,0,0,0,1,0,0,1,0,0,0,0,1,1,1,1,1,1,0,1,0,0,0,0,1
Guerrero_10,Guerrero,17.5623,-99.5185,0,1,1,0,0,1,0,0,1,1,0,0,1,0,0,1,1,1,0,0,0,1,1,1,1,0,1,1,1,0,1,1,1,0,1,1,1,1,1,0,0,1,1,0,0,0,0,1,1,1,1,1,1,0,0,0,1,0,1,0
Guerrero_11,Guerrero,17.5480,-99.4875,1,1,0,0,0,1,0,0,1,0,0,1,1,0,0,1,0,1,0,0,0,1,0,1,0,1,1,0,1,0,1,0,1,0,1,1,1,0,0,0,1,0,1,1,0,0,0,1,1,0,0,1,1,0,1,0,1,0,1,0
Guerrero_12,Guerrero,17.5382,-99.4977,0,0,1,0,0,0,0,0,1,1,1,1,1,0,0,0,1,1,0,0,0,1,0,0,0,0,1,1,1,1,1,1,1,0,1,1,0,1,0,0,1,1,1,0,0,0,0,1,1,0,1,1,1,1,1,0,0,1,0,0
Guerrero_13,Guerrero,17.5389,-99.5244,1,1,1,0,0,1,0,0,1,1,0,1,1,0,1,0,0,1,1,1,1,1,0,1,0,0,1,0,1,0,1,1,1,0,1,1,1,1,1,0,0,1,1,0,0,0,0,1,1,1,0,1,1,1,0,0,0,0,0,0
Guerrero_14,Guerrero,17.5541,-99.5388,1,0,0,1,0,0,1,1,1,1,1,1,1,0,0,1,1,1,1,0,1,1,1,1,1,0,0,1,1,0,1,1,1,0,0,1,1,1,1,0,1,1,1,1,0,0,0,1,1,0,1,1,1,0,1,0,0,0,0,0
Guerrero_15,Guerrero,17.5726,-99.5032,1,0,1,0,0,0,0,1,1,1,0,1,1,1,0,0,0,1,0,0,0,1,0,0,1,0,1,0,1,0,1,0,1,0,0,1,0,0,1,0,1,1,0,0,0,0,0,1,1,1,1,1,1,0,1,0,0,1,0,0
Guerrero_16,Guerrero,17.5884,-99.5105,0,0,1,1,0,0,0,0,1,0,0,1,1,0,0,1,1,0,1,1,1,0,0,1,1,1,1,0,1,1,1,1,1,0,1,1,0,0,0,0,0,1,1,1,0,0,0,1,1,0,0,1,1,1,1,0,0,0,0,0
Guerrero_17,Guerrero,17.5441,-99.5188,0,0,0,0,0,1,0,0,1,1,1,0,0,0,0,1,0,1,0,0,1,1,0,0,1,0,1,0,0,1,1,0,1,0,0,1,0,0,0,1,0,1,1,1,1,0,1,1,1,1,0,1,1,0,0,0,0,0,1,0
Guerrero_18,Guerrero,17.5394,-99.5488,0,0,1,0,0,0,0,0,1,0,0,1,1,0,0,1,1,1,0,1,0,1,0,1,0,0,1,1,1,0,1,0,1,1,1,1,1,1,0,1,0,1,1,1,0,0,0,0,1,1,0,1,1,0,1,0,0,0,0,0
Guerrero_19,Guerrero,17.5260,-99.5552,0,0,1,1,0,0,1,0,1,1,1,0,1,0,1,0,0,1,0,0,0,1,0,1,1,0,0,0,1,1,1,1,0,0,1,1,0,0,1,0,1,0,0,0,1,0,0,1,1,0,1,1,1,1,1,0,1,1,0,0
Guerrero_20,Guerrero,17.5450,-99.5524,1,1,0,0,0,0,0,0,1,1,1,0,1,0,0,1,0,0,0,0,0,1,0,1,1,0,0,0,1,0,1,1,0,1,1,1,0,0,0,0,0,1,1,1,1,0,0,1,0,0,0,1,1,0,1,0,0,1,0,0
